provider,date,status,description,notes,source
Microsoft,10/04/2020,,Free courses on Microsoft Azure Fundamentals (+free voucher for certification exam),"Training will be from May 11 to May 13, 2020",https://info.microsoft.com/US-AzureApp-CATALOG-FY20-05May-12-TrainingAzure900fundamentalsforeducation-SRDEM15957_CatalogDisplayPage.html
CTO Academy,10/04/2020,,82% discount on Management skills courses for technologists,,https://cto.academy/cto-academy-usa/
Coursera,10/04/2020,,Free online courses and community resources,Not applicable to all courses,https://blog.coursera.org/coursera-together-free-online-learning-during-covid-19/
Oracle,10/04/2020,,Free access to online learning content and certifications,"Available until May 15, 2020",https://www.oracle.com/corporate/blog/free-certifications-oracle-oci-autonomous-033020.html
Google,10/04/2020,,1 month of free access to Google Cloud training,,https://inthecloud.withgoogle.com/training-discount/register.html
Pluralsight,10/04/2020,,"Free access to Pluralsight's video courses until April 30, 2020",Only applicable for new accounts,https://www.pluralsight.com/offer/2020/free-april-month
AWS,24/04/2020,,AWS free training courses (Basic level) available ,,https://www.aws.training/
Blockchain,24/04/2020,,Free tutorial on Blockchain,,https://www.dappuniversity.com/
Blockchain,24/04/2020,,Free Blockchain (Ethereum – Solidity) training,,https://cryptozombies.io/
Cognitive,24/04/2020,,Free course on Cloud / Machine learning / blockchain ,,https://cognitiveclass.ai/courses
NPTEL,21/04/2020,,Lot of free courses related all stream of engineering and computer science (lecture taken by IIT & IISc Professors),exam is optional after course completion,https://nptel.ac.in
Linkedin,24/04/2020,,Free Courses on Linkedin for one month,,https://www.linkedin.com/learning-login
Cisco Academy,24/04/2020,,Cisco Networking Academy -All online courses free,,https://www.netcad.com
