provider,date,status,description,notes,source
Standford University,24/04/2020,,Machine Learning – Stanford course ,,https://www.youtube.com/watch?v=PPLop4L2eGk&list=PLLssT5z_DsK-h9vYZkQkYNWcItqhlRJLN
Harvard university ,24/04/2020,,Probability and Statistics ,,https://www.youtube.com/watch?v=KbB0FjPg0mw&list=PL2SOU6wwxB0uwwH80KTQ6ht66KWxbzTIo
MIT,24/04/2020,,Blockchain ,,https://www.youtube.com/playlist?list=PLUl4u3cNGP63UUkfL0onkxF6MYgVa04Fn
Srivatsan Srinivasan,24/04/2020,,AI Engineering,Machine Learning & Advanced Analytics,https://www.youtube.com/channel/UCwBs8TLOogwyGd0GxHCp-Dw
